{"data_time": 0.19172189999881084, "fast_rcnn/cls_accuracy": 0.01567398119122257, "fast_rcnn/false_negative": 0.0, "fast_rcnn/fg_cls_accuracy": 0.2857142857142857, "iteration": 0, "loss_box_reg": 0.5590064525604248, "loss_cls": 87.74263763427734, "loss_mask": 1.507882833480835, "loss_rpn_cls": 106.18080139160156, "loss_rpn_loc": 33.592613220214844, "lr": 1.0000000000000001e-07, "mask_rcnn/accuracy": 0.6024052478134111, "mask_rcnn/false_negative": 0.2741683991683992, "mask_rcnn/false_positive": 0.6871951219512196, "roi_head/num_bg_samples": 152.5, "roi_head/num_fg_samples": 7.0, "rpn/num_neg_anchors": 1.0, "rpn/num_pos_anchors": 33.5, "total_loss": 229.582941532135}
